mechanism,bg_duty,stall_prob,stall_ms,work_spread,heavy_tail,rel_jit_std_ms,rel_jit_max_ms,cmp_jit_std_ms,cmp_jit_max_ms,hit_fraction
baseline,0.0,0.0,0.0,0.0,False,0.12972974165919351,1.6270720000062244,0.5078091387873019,2.3344655000036854,1.0
baseline,0.0,0.0,0.0,0.0,False,0.1607930040631342,2.265018000008334,0.36818432457747585,2.082745999999358,1.0
baseline,0.0,0.0,0.0,0.0,False,0.2935675206671933,4.716015000005881,0.6318076007409026,7.971319000003536,0.996
bg_load,0.0,0.0,0.0,0.0,False,0.10273334587462614,1.7222120000019991,0.5348108881268219,2.083211000001528,1.0
bg_load,0.25,0.0,0.0,0.0,False,0.7275077210737767,2.8255919999969903,0.8757661723412914,2.9012665000009985,1.0
bg_load,0.5,0.0,0.0,0.0,False,1.6625485768733639,5.225930999992023,1.7093073251463327,4.990140000018517,1.0
bg_load,0.75,0.0,0.0,0.0,False,1.9412912717740214,7.487858999990049,1.9332295587629935,5.65996200001051,0.984
bg_load,1.0,0.0,0.0,0.0,False,2.428129938865785,33.76130899996832,2.604132643688338,29.193287499980958,0.916
stall_prob,0.0,0.0,3.0,0.0,False,0.04187284910621424,0.5340079999905378,0.4433430513962029,1.5347009999886196,1.0
stall_prob,0.0,0.02,3.0,0.0,False,0.5275218904958784,3.452078000009351,0.7171521607926169,4.121040500000964,1.0
stall_prob,0.0,0.05,3.0,0.0,False,0.6710792365255182,3.3480939999742527,0.7937702521518076,3.9143855000206007,1.0
stall_prob,0.0,0.1,3.0,0.0,False,1.0737299554447568,7.371293999984818,1.1330622614463195,8.221621500011961,0.996
stall_prob,0.0,0.2,3.0,0.0,False,1.2799181280380514,4.349261999983645,1.41210567395622,4.603399499995886,1.0
stall_mag,0.0,0.05,0.0,0.0,False,0.10103688237679896,1.7110139999747531,0.5837661550742879,2.4573654999992813,1.0
stall_mag,0.0,0.05,1.0,0.0,False,0.2841437462716743,1.8280849999916526,0.6607200533500376,5.126518000012376,1.0
stall_mag,0.0,0.05,3.0,0.0,False,0.6919889551716897,3.402982000012572,0.8280439216309767,4.5372985000120405,1.0
stall_mag,0.0,0.05,5.0,0.0,False,1.1216440039505051,5.473841000012913,1.3676641006903765,9.031358499996756,0.996
stall_mag,0.0,0.05,8.0,0.0,False,1.7458310598390547,8.491828999987128,1.8423605656718824,9.14110049997985,0.952
var_normal,0.0,0.0,0.0,0.0,False,0.053311988851698425,0.6165169999849951,0.4641607391642837,2.656190999994701,1.0
var_normal,0.0,0.0,0.0,0.1,False,0.7657513849155637,11.738210999993726,1.5756084789435454,20.481347500012404,0.992
var_normal,0.0,0.0,0.0,0.25,False,0.04347027729192514,0.49377299998454305,0.5401300641702934,2.2415220000091343,1.0
var_normal,0.0,0.0,0.0,0.5,False,0.08772568880134551,1.1939850000080021,0.915994427777406,5.337675499991867,1.0
var_normal,0.0,0.0,0.0,1.0,False,0.05823134480885697,0.6324329999609635,1.104003832187162,5.656305499987746,1.0
var_heavy,0.0,0.0,0.0,0.0,True,0.0893576755379223,1.1542179999923796,0.5493190010025487,3.9815070000082664,1.0
var_heavy,0.0,0.0,0.0,0.25,True,0.15254184590523,2.1169789999861965,0.7027383807266568,4.457070000010832,1.0
var_heavy,0.0,0.0,0.0,0.5,True,0.06271641148407055,0.8931709999715487,1.0638782229445467,6.383071499993065,0.996
var_heavy,0.0,0.0,0.0,1.0,True,0.039801156517679605,0.5188869999961376,1.5791387256252722,18.344378499979637,0.992
var_heavy,0.0,0.0,0.0,2.0,True,1.301074016444778,13.690217999987903,3.499212309268156,27.27460400001569,0.928
